<system>
	<panel>
		<minname> مهنا </minname>
		<name> پنل مدریریت مرکز تماس مهنا </name>
		<logo> images/nainemom/logo.png </logo>
		<titleicon> </titleicon>
		<nai>true</nai>
		<naiver>4</naiver>
		<naichlog>
			*4* nodejs moduleha az panele asli joda shodo khode nodejs, ba khode panel nasb mishe. title e reloading ham farsi shod. 2015-04-14
			*3* file-e htaccess tuye foldere modules ezafe shod. chon dasresi mahdud bud unja
			*2* meghdare naiver be safeye moduleha ezafe shod, tuye mainstyle ham ye taghirate kuchik dade shod.
		</naichlog>
	</panel>
</system>