<module>
	<rawname>builtin</rawname>
	<type>setup</type>
	<name>مدیریت ماژول ها</name>
	<version>2.3.0.2</version>
	<candisable>no</candisable>
	<canuninstall>no</canuninstall>
	<changelog>
		*0.1* First release
	</changelog>
	<menuitems>
		<modules1 display="modules">مدیریت ماژول ها</modules1>
	</menuitems>
	<category>سرویس های پس زمینه</category>
	<nai>true</nai>
	<naiver>3</naiver>
	<naichlog>
		*3* version haye namayeshi ba naiver jaygozin shod.
		*2* degargun shod.
	</naichlog>
</module>
