<module>
	<rawname>cache</rawname>
	<name>حافظه نهان</name>
	<publisher>Nainemom</publisher>
	<license>Mahna</license>
	<type>setup</type>
	<category>مدیریت</category>
	<subcategory>سیستم</subcategory>
	<menuitems>
		<cache>حافظه نهان</cache>
	</menuitems>
	<description>---</description>
	<version>beta0.0.0.1</version>
	<candisable>no</candisable>
	<canuninstall>no</canuninstall>
	<nai>true</nai>
	<naiver>2</naiver>
	<naichlog>
		*2* public reload auto refresh false or true
	</naichlog>
</module>
