<system>
	<panel>
		<minname> مهنا </minname>
		<name> پنل مدریریت مرکز تماس مهنا </name>
		<logo> images/nainemom/logo.png </logo>
		<titleicon> </titleicon>
		<nai>true</nai>
		<naiver>7</naiver>
		<naichlog>
			*7* isModuleInstalled function to global nodejs
				nai-asterisk-manager updated
				tuye menu neshun mide ke dar hale tose'e hastesh ya na. (unaee ke naivereshun ing dare dar hale tose'e hastan)
				page e module ha update shod
				panel o versionesh tu safeye module ha ezafe shod
				footer, header codes cleaned
				logout shodane khodkar update shod be 2 saate va fix shod.
				get[do] ke servero khamush mikardo ina, codash raft tu core function
				nodejs warning in header notification
			*6* ezafe shodane vis be library haye javascript va functione include_plugin php
				size e textbox tu chrome
				rafe moshkele heighte sub category ha tu sidebar, module haye beta texteshun avaz shodan 2015-05-09
				node js hamashun raftan ru ye porto ina o foldere node ezafe shod
				tooltip master, data-direction ham migire, age nadadi, chap mizare . 2015-05-04
				javascript haye man, func ha ba unayi ke chizi set mioknan joda shodan. 2015-04-26
			*5* ba javascript check mikonam ke safhe hatman dorost load shode bashe! age nashode bud, reload beshe. yani dige moshkele nesfe load shodan nadare, ghabeliat disable budane item haye header ham ezafe shod. 2015-04-19
			*4* nodejs moduleha az panele asli joda shodo khode nodejs, ba khode panel nasb mishe. title e reloading ham farsi shod. 2015-04-14
			*3* file-e htaccess tuye foldere modules ezafe shod. chon dasresi mahdud bud unja
			*2* meghdare naiver be safeye moduleha ezafe shod, tuye mainstyle ham ye taghirate kuchik dade shod.
		</naichlog>
	</panel>
</system>